{
  "Profiles" : [
    {
      "Cursor Color" : {
        "Red Component" : 0.83137254901000002,
        "Color Space" : "sRGB",
        "Blue Component" : 0.30588235293999999,
        "Alpha Component" : 1,
        "Green Component" : 0.55294117646999996
      },
      "Selected Text Color" : {
        "Red Component" : 0.87843137254000003,
        "Color Space" : "sRGB",
        "Blue Component" : 0.89803921568,
        "Alpha Component" : 1,
        "Green Component" : 0.87843137254000003
      },
      "Command" : "\/bin\/zsh -l -c claude",
      "Ansi 5 Color" : {
        "Red Component" : 0.72156862745000006,
        "Color Space" : "sRGB",
        "Blue Component" : 0.90196078431000004,
        "Alpha Component" : 1,
        "Green Component" : 0.47058823528999999
      },
      "Name" : "claude",
      "Non Ascii Font" : "Menlo-Regular 11",
      "Columns" : 200,
      "Rows" : 50,
      "Foreground Color" : {
        "Red Component" : 0.87843137254000003,
        "Color Space" : "sRGB",
        "Blue Component" : 0.89803921568,
        "Alpha Component" : 1,
        "Green Component" : 0.87843137254000003
      },
      "Ansi 4 Color" : {
        "Red Component" : 0.40000000000000002,
        "Color Space" : "sRGB",
        "Blue Component" : 0.93725490196000005,
        "Alpha Component" : 1,
        "Green Component" : 0.61176470587999998
      },
      "Vertical Spacing" : 1.1000000000000001,
      "Tags" : [
        "ai",
        "claude"
      ],
      "Visual Bell" : false,
      "Badge Text" : "Claude Code",
      "Dynamic Profile Parent Name" : "Default",
      "Ansi 10 Color" : {
        "Red Component" : 0.63921568627000003,
        "Color Space" : "sRGB",
        "Blue Component" : 0.41960784312999999,
        "Alpha Component" : 1,
        "Green Component" : 0.82745098038999998
      },
      "Silence Bell" : true,
      "Ansi 3 Color" : {
        "Red Component" : 0.83137254901000002,
        "Color Space" : "sRGB",
        "Blue Component" : 0.30588235293999999,
        "Alpha Component" : 1,
        "Green Component" : 0.55294117646999996
      },
      "Ansi 12 Color" : {
        "Red Component" : 0.52941176469999995,
        "Color Space" : "sRGB",
        "Blue Component" : 0.96470588234999999,
        "Alpha Component" : 1,
        "Green Component" : 0.70196078430999997
      },
      "Ansi 14 Color" : {
        "Red Component" : 0.45098039215000002,
        "Color Space" : "sRGB",
        "Blue Component" : 0.84313725490000002,
        "Alpha Component" : 1,
        "Green Component" : 0.78823529411000004
      },
      "Title Components" : 514,
      "AWDS Tab Directory" : "",
      "Right Option Key Sends" : 2,
      "Option Key Sends" : 2,
      "Thin Strokes" : 0,
      "BM Growl" : false,
      "Ansi 2 Color" : {
        "Red Component" : 0.54509803921,
        "Color Space" : "sRGB",
        "Blue Component" : 0.29019607843,
        "Alpha Component" : 1,
        "Green Component" : 0.76470588235000003
      },
      "Ansi 9 Color" : {
        "Red Component" : 0.93725490196000005,
        "Color Space" : "sRGB",
        "Blue Component" : 0.48627450979999998,
        "Alpha Component" : 1,
        "Green Component" : 0.50588235293999995
      },
      "Use Separate Colors for Light and Dark Mode" : false,
      "Guid" : "claude-code-dotfiles-profile",
      "Custom Command" : "Yes",
      "Selection Color" : {
        "Red Component" : 0.20784313725,
        "Color Space" : "sRGB",
        "Blue Component" : 0.25098039215000001,
        "Alpha Component" : 1,
        "Green Component" : 0.20784313725
      },
      "AWDS Pane Directory" : "",
      "Ansi 1 Color" : {
        "Red Component" : 0.89411764704999996,
        "Color Space" : "sRGB",
        "Blue Component" : 0.36078431372000003,
        "Alpha Component" : 1,
        "Green Component" : 0.38431372548999998
      },
      "Ansi 8 Color" : {
        "Red Component" : 0.35294117647000001,
        "Color Space" : "sRGB",
        "Blue Component" : 0.39215686274,
        "Alpha Component" : 1,
        "Green Component" : 0.35294117647000001
      },
      "Rewritable" : true,
      "Background Color" : {
        "Red Component" : 0.09803921568,
        "Color Space" : "sRGB",
        "Blue Component" : 0.12549019607,
        "Alpha Component" : 1,
        "Green Component" : 0.09803921568
      },
      "AWDS Window Directory" : "",
      "Custom Tab Title" : "Claude Code",
      "Ansi 0 Color" : {
        "Red Component" : 0.15686274509000001,
        "Color Space" : "sRGB",
        "Blue Component" : 0.19607843137,
        "Alpha Component" : 1,
        "Green Component" : 0.15686274509000001
      },
      "Ansi 7 Color" : {
        "Red Component" : 0.87843137254000003,
        "Color Space" : "sRGB",
        "Blue Component" : 0.89803921568,
        "Alpha Component" : 1,
        "Green Component" : 0.87843137254000003
      },
      "Custom Directory" : "Advanced",
      "Cursor Text Color" : {
        "Red Component" : 0.09803921568,
        "Color Space" : "sRGB",
        "Blue Component" : 0.12549019607,
        "Alpha Component" : 1,
        "Green Component" : 0.09803921568
      },
      "Ansi 11 Color" : {
        "Red Component" : 0.8862745098,
        "Color Space" : "sRGB",
        "Blue Component" : 0.41960784312999999,
        "Alpha Component" : 1,
        "Green Component" : 0.65098039215000003
      },
      "Scrollback Lines" : 100000,
      "Ansi 13 Color" : {
        "Red Component" : 0.79607843137000001,
        "Color Space" : "sRGB",
        "Blue Component" : 0.93725490196000005,
        "Alpha Component" : 1,
        "Green Component" : 0.59607843137000005
      },
      "Ansi 15 Color" : {
        "Red Component" : 0.93725490196000005,
        "Color Space" : "sRGB",
        "Blue Component" : 0.95686274509000002,
        "Alpha Component" : 1,
        "Green Component" : 0.93725490196000005
      },
      "Ansi 6 Color" : {
        "Red Component" : 0.34117647058,
        "Color Space" : "sRGB",
        "Blue Component" : 0.76862745097999996,
        "Alpha Component" : 1,
        "Green Component" : 0.71372549018999998
      }
    }
  ]
}